{
	"format_version": "1.12.0",
	"minecraft:geometry": [
		{
			"description": {
				"identifier": "geometry.tool_gun",
				"texture_width": 16,
				"texture_height": 16,
				"visible_bounds_width": 5,
				"visible_bounds_height": 1.5,
				"visible_bounds_offset": [0, 0.25, 0]
			},
			"bones": [
				{
					"name": "bone",
					"pivot": [-0.125, 3.74375, -3.7375],
					"cubes": [
						{
							"origin": [-0.05, 4.675, -3.85],
							"size": [1.8, 0.1, 0.6],
							"pivot": [-0.125, 3.74375, -3.7125],
							"rotation": [0, -90, 0],
							"uv": {
								"north": {"uv": [7.25, 1.625], "uv_size": [1.875, 0.125]},
								"east": {"uv": [9.125, 1.625], "uv_size": [0.625, 0.125]},
								"south": {"uv": [7.25, 1.75], "uv_size": [1.875, 0.125]},
								"west": {"uv": [9.125, 1.75], "uv_size": [0.625, 0.125]},
								"up": {"uv": [9.125, 2.5], "uv_size": [-1.875, -0.625]},
								"down": {"uv": [11, 2.5], "uv_size": [-1.875, -0.625]}
							}
						},
						{
							"origin": [0.225, 4.3, -3.875],
							"size": [0.45, 0.1, 0.6],
							"pivot": [-0.125, 3.74375, -3.7375],
							"rotation": [90, -45, -90],
							"uv": {
								"north": {"uv": [15, 2.25], "uv_size": [0.45, 0.1]},
								"east": {"uv": [14.875, 2], "uv_size": [0.6, 0.1]},
								"south": {"uv": [15, 2.375], "uv_size": [0.45, 0.1]},
								"west": {"uv": [14.875, 2.125], "uv_size": [0.6, 0.1]},
								"up": {"uv": [15.95, 2.6], "uv_size": [-0.45, -0.6]},
								"down": {"uv": [15.95, 3.225], "uv_size": [-0.45, -0.6]}
							}
						},
						{
							"origin": [-1.325, 4.375, -4.6],
							"size": [1.2, 0.1, 1.4],
							"pivot": [-0.125, 3.74375, -3.7375],
							"rotation": [0, -90, 0],
							"uv": {
								"north": {"uv": [13.25, 0], "uv_size": [1.25, 0.125]},
								"east": {"uv": [13.25, 0.125], "uv_size": [1.375, 0.125]},
								"south": {"uv": [13.25, 0.25], "uv_size": [1.25, 0.125]},
								"west": {"uv": [13.25, 0.375], "uv_size": [1.375, 0.125]},
								"up": {"uv": [14.5, 1.875], "uv_size": [-1.25, -1.375]},
								"down": {"uv": [15.75, 1.875], "uv_size": [-1.25, -1.375]}
							}
						},
						{
							"origin": [-3.425, 3.45, -4.25],
							"size": [2.6, 0.775, 0.7],
							"pivot": [-0.125, 3.74375, -3.7375],
							"rotation": [0, -90, 0],
							"uv": {
								"north": {"uv": [0, 0], "uv_size": [2.625, 0.75]},
								"east": {"uv": [2.625, 0], "uv_size": [0.75, 0.75]},
								"south": {"uv": [0, 2.25], "uv_size": [2.625, 0.75]},
								"west": {"uv": [2.625, 0.75], "uv_size": [0.75, 0.75]},
								"up": {"uv": [2.625, 1.5], "uv_size": [-2.625, -0.75]},
								"down": {"uv": [2.625, 2.25], "uv_size": [-2.625, -0.75]}
							}
						},
						{
							"origin": [-0.825, 3.3, -4.5],
							"size": [0.2, 1.075, 1.2],
							"pivot": [-0.125, 3.74375, -3.7375],
							"rotation": [0, -90, 0],
							"uv": {
								"north": {"uv": [4.75, 0], "uv_size": [0.25, 1.125]},
								"east": {"uv": [3.5, 0], "uv_size": [1.25, 1]},
								"south": {"uv": [5, 0], "uv_size": [0.25, 1.125]},
								"west": {"uv": [3.5, 1], "uv_size": [1.25, 1]},
								"up": {"uv": [5.5, 1.25], "uv_size": [-0.25, -1.25]},
								"down": {"uv": [5.75, 1.25], "uv_size": [-0.25, -1.25]}
							}
						},
						{
							"origin": [-0.625, 3.375, -4.375],
							"size": [0.1, 0.95, 0.95],
							"pivot": [-0.125, 3.74375, -3.7375],
							"rotation": [0, -90, 0],
							"uv": {
								"north": {"uv": [5.875, 0], "uv_size": [0.125, 0.875]},
								"east": {"uv": [6, 0], "uv_size": [1, 0.875]},
								"south": {"uv": [5.875, 0.875], "uv_size": [0.125, 0.875]},
								"west": {"uv": [6, 0.875], "uv_size": [1, 0.875]},
								"up": {"uv": [7.125, 1], "uv_size": [-0.125, -1]},
								"down": {"uv": [7.125, 2], "uv_size": [-0.125, -1]}
							}
						},
						{
							"origin": [1.275, 3.375, -4.375],
							"size": [0.1, 0.95, 0.95],
							"pivot": [-0.125, 3.74375, -3.7375],
							"rotation": [0, -90, 0],
							"uv": {
								"north": {"uv": [5.875, 0], "uv_size": [0.125, 0.875]},
								"east": {"uv": [6, 0], "uv_size": [1, 0.875]},
								"south": {"uv": [5.875, 0.875], "uv_size": [0.125, 0.875]},
								"west": {"uv": [6, 0.875], "uv_size": [1, 0.875]},
								"up": {"uv": [7.125, 1], "uv_size": [-0.125, -1]},
								"down": {"uv": [7.125, 2], "uv_size": [-0.125, -1]}
							}
						},
						{
							"origin": [-0.525, 0, -0.7],
							"size": [1.125, 3.4, 0.95],
							"pivot": [0.0375, 1.7, -0.225],
							"rotation": [90, 45, 90],
							"uv": {
								"north": {"uv": [10, 3.875], "uv_size": [1.125, 3.375]},
								"east": {"uv": [9, 3.875], "uv_size": [1, 3.375]},
								"south": {"uv": [7.875, 3.875], "uv_size": [1.125, 3.375]},
								"west": {"uv": [11.125, 3.875], "uv_size": [1, 3.375]},
								"up": {"uv": [13.25, 4.875], "uv_size": [-1.125, -1]},
								"down": {"uv": [13.25, 5.875], "uv_size": [-1.125, -1]}
							}
						},
						{
							"origin": [-0.84001, 1.4594, -2.45],
							"size": [0.3, 1.2, 0.4],
							"pivot": [0.03395, 1.6554, -2.25],
							"rotation": [90, -67.5, -90],
							"uv": {
								"north": {"uv": [0, 6], "uv_size": [1.25, 0.25], "uv_rotation": 270},
								"east": {"uv": [1.25, 6], "uv_size": [1.25, 0.375], "uv_rotation": 90},
								"south": {"uv": [0, 6.25], "uv_size": [1.25, 0.25], "uv_rotation": 90},
								"west": {"uv": [1.25, 6.375], "uv_size": [1.25, 0.375], "uv_rotation": 90},
								"up": {"uv": [0.375, 6.75], "uv_size": [-0.375, -0.25], "uv_rotation": 90},
								"down": {"uv": [0.75, 6.75], "uv_size": [-0.375, -0.25], "uv_rotation": 90}
							}
						},
						{
							"origin": [0.64327, 1.47405, -2.45],
							"size": [0.3, 1, 0.4],
							"pivot": [0.03395, 1.6554, -2.25],
							"rotation": [-90, -67.5, 90],
							"uv": {
								"north": {"uv": [2.625, 6], "uv_size": [1, 0.25], "uv_rotation": 270},
								"east": {"uv": [3.625, 6], "uv_size": [1, 0.375], "uv_rotation": 90},
								"south": {"uv": [2.625, 6.25], "uv_size": [1, 0.25], "uv_rotation": 90},
								"west": {"uv": [3.625, 6.375], "uv_size": [1, 0.375], "uv_rotation": 90},
								"up": {"uv": [3, 6.75], "uv_size": [-0.375, -0.25], "uv_rotation": 90},
								"down": {"uv": [3.375, 6.75], "uv_size": [-0.375, -0.25], "uv_rotation": 90}
							}
						},
						{
							"origin": [-0.69691, 1.14018, -2.45],
							"size": [1.5, 0.3, 0.4],
							"pivot": [0.03395, 1.6554, -2.25],
							"rotation": [0, -90, 0],
							"uv": {
								"north": {"uv": [4.75, 6], "uv_size": [1.5, 0.25]},
								"east": {"uv": [6.25, 6], "uv_size": [0.375, 0.25]},
								"south": {"uv": [4.75, 6.25], "uv_size": [1.5, 0.25]},
								"west": {"uv": [6.25, 6.25], "uv_size": [0.375, 0.25]},
								"up": {"uv": [6.25, 6.875], "uv_size": [-1.5, -0.375]},
								"down": {"uv": [6.25, 7.25], "uv_size": [-1.5, -0.375]}
							}
						},
						{
							"origin": [-0.125, 1.65, -2.175],
							"size": [0.3, 0.7, 0.2],
							"pivot": [0.03395, 2.03692, -2.0746],
							"rotation": [-90, -67.5, 90],
							"uv": {
								"north": {"uv": [0, 6.875], "uv_size": [0.75, 0.25], "uv_rotation": 270},
								"east": {"uv": [0.75, 6.875], "uv_size": [0.75, 0.25], "uv_rotation": 90},
								"south": {"uv": [0, 7.125], "uv_size": [0.75, 0.25], "uv_rotation": 90},
								"west": {"uv": [0.75, 7.125], "uv_size": [0.75, 0.25], "uv_rotation": 90},
								"up": {"uv": [1.75, 7.125], "uv_size": [-0.25, -0.25], "uv_rotation": 90},
								"down": {"uv": [1.75, 7.375], "uv_size": [-0.25, -0.25], "uv_rotation": 90}
							}
						},
						{
							"origin": [-0.55, 2.925, -1.25],
							"size": [1.2, 0.1, 1.2],
							"pivot": [0.06516, 2.95983, -0.65],
							"rotation": [-90, -45, 90],
							"uv": {
								"north": {"uv": [12, 2.125], "uv_size": [0.875, 0.125]},
								"east": {"uv": [12.875, 2.125], "uv_size": [1.25, 0.125]},
								"south": {"uv": [12, 2.25], "uv_size": [0.875, 0.125]},
								"west": {"uv": [12.875, 2.25], "uv_size": [1.25, 0.125]},